{
  "nodes": [
    {
      "order": 0,
      "name": "Cheetah",
      "type": "carnivore",
      "color": "#AFFF79",
      "stroke": "blue",
      "width": 50,
      "height": 30,
      "_id": 0
    },
    {
      "order": 1,
      "name": "Lion",
      "type": "carnivore",
      "color": "#AFFF79",
      "stroke": "blue",
      "width": 50,
      "height": 30,
      "_id": 1
    },
    {
      "order": 2,
      "name": "Wild Dog",
      "type": "carnivore",
      "color": "#AFFF79",
      "stroke": "blue",
      "width": 50,
      "height": 30,
      "_id": 2
    },
    {
      "order": 3,
      "name": "Leopard",
      "type": "carnivore",
      "color": "#AFFF79",
      "stroke": "blue",
      "width": 50,
      "height": 30,
      "_id": 3
    },
    {
      "order": 0,
      "name": "Buffalo",
      "type": "herbivore",
      "color": "#AFFF79",
      "stroke": "blue",
      "width": 50,
      "height": 30,
      "_id": 4
    },
    {
      "order": 1,
      "name": "Duiker",
      "type": "herbivore",
      "color": "#AFFF79",
      "stroke": "blue",
      "width": 50,
      "height": 30,
      "_id": 5
    },
    {
      "order": 2,
      "name": "Waterbuck",
      "type": "herbivore",
      "color": "#AFFF79",
      "stroke": "blue",
      "width": 50,
      "height": 30,
      "_id": 6
    },
    {
      "order": 3,
      "name": "Impala",
      "type": "herbivore",
      "color": "#AFFF79",
      "stroke": "blue",
      "width": 50,
      "height": 30,
      "_id": 7
    },
    {
      "order": 4,
      "name": "African Elephant",
      "type": "herbivore",
      "color": "#AFFF79",
      "stroke": "blue",
      "width": 50,
      "height": 30,
      "_id": 8
    },
    {
      "order": 5,
      "name": "Giraffe",
      "type": "herbivore",
      "color": "#AFFF79",
      "stroke": "blue",
      "width": 50,
      "height": 30,
      "_id": 9
    },
    {
      "order": 6,
      "name": "Kudu",
      "type": "herbivore",
      "color": "#AFFF79",
      "stroke": "blue",
      "width": 50,
      "height": 30,
      "_id": 10
    },
    {
      "order": 0,
      "name": "Creeping Bristle Grass",
      "type": "plant",
      "color": "#AFFF79",
      "stroke": "blue",
      "width": 50,
      "height": 30,
      "_id": 11
    },
    {
      "order": 1,
      "name": "LM grass",
      "type": "plant",
      "color": "#AFFF79",
      "stroke": "blue",
      "width": 50,
      "height": 30,
      "_id": 12
    },
    {
      "order": 2,
      "name": "Foxtail Buffalo Grass",
      "type": "plant",
      "color": "#AFFF79",
      "stroke": "blue",
      "width": 50,
      "height": 30,
      "_id": 13
    },
    {
      "order": 3,
      "name": "Sausage Tree",
      "type": "plant",
      "color": "#AFFF79",
      "stroke": "blue",
      "width": 50,
      "height": 30,
      "_id": 14
    },
    {
      "order": 4,
      "name": "Marula Tree",
      "type": "plant",
      "color": "#AFFF79",
      "stroke": "blue",
      "width": 50,
      "height": 30,
      "_id": 15
    },
    {
      "temp": true,
      "fixed": true,
      "cid": "set0_order",
      "width": 1,
      "height": 1,
      "padding": 0,
      "name": "set0_order_boundary_0",
      "boundary": "y",
      "y": 0,
      "x": 0,
      "_id": 16
    },
    {
      "temp": true,
      "fixed": true,
      "cid": "set0_order",
      "width": 1,
      "height": 1,
      "padding": 0,
      "name": "set0_order_boundary_1",
      "boundary": "y",
      "y": 30,
      "x": 10,
      "_id": 17
    }
  ],
  "links": [
    {"source": 0, "target": 1, "color": "#060076", "style": "dashed"},
    {"source": 2, "target": 1, "color": "#060076", "style": "dashed"},
    {"source": 4, "target": 1, "color": "#060076"},
    {"source": 5, "target": 0, "color": "#060076"},
    {"source": 5, "target": 1, "color": "#060076"},
    {"source": 6, "target": 0, "color": "#060076"},
    {"source": 6, "target": 1, "color": "#060076"},
    {"source": 6, "target": 3, "color": "#060076"},
    {"source": 7, "target": 0, "color": "#060076"},
    {"source": 7, "target": 1, "color": "#060076"},
    {"source": 7, "target": 2, "color": "#060076"},
    {"source": 7, "target": 3, "color": "#060076"},
    {"source": 9, "target": 1, "color": "#060076"},
    {"source": 10, "target": 0, "color": "#060076"},
    {"source": 10, "target": 1, "color": "#060076"},
    {"source": 11, "target": 4, "color": "#060076"},
    {"source": 11, "target": 7, "color": "#060076"},
    {"source": 11, "target": 8, "color": "#060076"},
    {"source": 12, "target": 4, "color": "#060076"},
    {"source": 12, "target": 7, "color": "#060076"},
    {"source": 12, "target": 8, "color": "#060076"},
    {"source": 13, "target": 4, "color": "#060076"},
    {"source": 13, "target": 7, "color": "#060076"},
    {"source": 13, "target": 8, "color": "#060076"},
    {"source": 14, "target": 5, "color": "#060076"},
    {"source": 14, "target": 7, "color": "#060076"},
    {"source": 15, "target": 6, "color": "#060076"},
    {"source": 15, "target": 8, "color": "#060076"},
    {"source": 15, "target": 9, "color": "#060076"},
    {"source": 15, "target": 10, "color": "#060076"}
  ],
  "constraints": [
    {"axis": "x", "left": 2, "right": 3, "gap": 100, "_type": "tropic_level_order"},
    {"axis": "x", "left": 1, "right": 2, "gap": 100, "_type": "tropic_level_order"},
    {"axis": "x", "left": 0, "right": 1, "gap": 100, "_type": "tropic_level_order"},
    {"axis": "x", "left": 9, "right": 10, "gap": 100, "_type": "tropic_level_order"},
    {"axis": "x", "left": 8, "right": 9, "gap": 100, "_type": "tropic_level_order"},
    {"axis": "x", "left": 7, "right": 8, "gap": 100, "_type": "tropic_level_order"},
    {"axis": "x", "left": 6, "right": 7, "gap": 100, "_type": "tropic_level_order"},
    {"axis": "x", "left": 5, "right": 6, "gap": 100, "_type": "tropic_level_order"},
    {"axis": "x", "left": 4, "right": 5, "gap": 100, "_type": "tropic_level_order"},
    {"axis": "x", "left": 14, "right": 15, "gap": 100, "_type": "tropic_level_order"},
    {"axis": "x", "left": 13, "right": 14, "gap": 100, "_type": "tropic_level_order"},
    {"axis": "x", "left": 12, "right": 13, "gap": 100, "_type": "tropic_level_order"},
    {"axis": "x", "left": 11, "right": 12, "gap": 100, "_type": "tropic_level_order"},
    {
      "type": "alignment", "axis": "y",
      "offsets": [
        {"node": 3, "offset": 0},
        {"node": 2, "offset": 0},
        {"node": 1, "offset": 0},
        {"node": 0, "offset": 0}
      ],
      "_type": "tropic_level_align"
    },
    {
      "type": "alignment", "axis": "y",
      "offsets": [
        {"node": 10, "offset": 0},
        {"node": 9, "offset": 0},
        {"node": 8, "offset": 0},
        {"node": 7, "offset": 0},
        {"node": 6,"offset": 0},
        {"node": 5,"offset": 0},
        {"node": 4,"offset": 0}
      ],
      "_type": "tropic_level_align"
    },
    {
      "type": "alignment", "axis": "y",
      "offsets": [
        {"node": 15, "offset": 0},
        {"node": 14, "offset": 0},
        {"node": 13, "offset": 0},
        {"node": 12, "offset": 0},
        {"node": 11,"offset": 0}
      ],
      "_type": "tropic_level_align"
    },
    {"axis": "y", "left": 3, "right": 16, "gap": 100, "_type": "set0_order"},
    {"axis": "y", "left": 2, "right": 16, "gap": 100, "_type": "set0_order"},
    {"axis": "y", "left": 1, "right": 16, "gap": 100, "_type": "set0_order"},
    {"axis": "y", "left": 0, "right": 16, "gap": 100, "_type": "set0_order"},
    {"axis": "y", "left": 16, "right": 10, "gap": 100, "_type": "set0_order"},
    {"axis": "y", "left": 10, "right": 17, "gap": 100, "_type": "set0_order"},
    {"axis": "y", "left": 16, "right": 9, "gap": 100, "_type": "set0_order"},
    {"axis": "y", "left": 9, "right": 17, "gap": 100, "_type": "set0_order"},
    {"axis": "y", "left": 16, "right": 8, "gap": 100, "_type": "set0_order"},
    {"axis": "y", "left": 8, "right": 17, "gap": 100, "_type": "set0_order"},
    {"axis": "y", "left": 16, "right": 7, "gap": 100, "_type": "set0_order"},
    {"axis": "y", "left": 7, "right": 17, "gap": 100, "_type": "set0_order"},
    {"axis": "y", "left": 16, "right": 6, "gap": 100, "_type": "set0_order"},
    {"axis": "y", "left": 6, "right": 17, "gap": 100, "_type": "set0_order"},
    {"axis": "y", "left": 16, "right": 5, "gap": 100, "_type": "set0_order"},
    {"axis": "y", "left": 5, "right": 17, "gap": 100, "_type": "set0_order"},
    {"axis": "y", "left": 16, "right": 4, "gap": 100, "_type": "set0_order"},
    {"axis": "y", "left": 4, "right": 17, "gap": 100, "_type": "set0_order"},
    {"axis": "y", "left": 17, "right": 15, "gap": 100, "_type": "set0_order"},
    {"axis": "y", "left": 17, "right": 14, "gap": 100, "_type": "set0_order"},
    {"axis": "y", "left": 17, "right": 13, "gap": 100, "_type": "set0_order"},
    {"axis": "y", "left": 17, "right": 12, "gap": 100, "_type": "set0_order"},
    {"axis": "y", "left": 17, "right": 11, "gap": 100, "_type": "set0_order"}
  ]
}