{
  "nodes": [
    {"name": "a"}, 
    {"name": "b"},
    {"name": "c"},
    {"name": "d"},
    {"name": "e"},
    {"name": "f"}
  ],
  "links": [
    {"source": 0, "target": 1},
    {"source": 0, "target": 2},
    {"source": 1, "target": 3},
    {"source": 2, "target": 4},
    {"source": 2, "target": 5}
  ],
  "constraintDefinitions": [
    {
      "name": "layer",
      "sets": {"partition": "depth"},
      "forEach": [{ "constraint": "align", "axis": "x" }]
    },
    {
      "sets": ["layer"],
      "forEach": [{ "constraint": "order", "axis": "y", "by": "depth" }]
    }
  ]
}