{
  "nodes": [
    {"name": "a", "_id": 0, "depth": 0},
    {"name": "b", "_id": 1, "depth": 1},
    {"name": "c", "_id": 2, "depth": 1},
    {"name": "d", "_id": 3, "depth": 2},
    {"name": "e", "_id": 4, "depth": 2},
    {"name": "f", "_id": 5, "depth": 2},
    {
      "name": "set0_order_boundary_0", "_id": 6, "cid": "set0_order",
      "temp": true, "fixed": true,
      "width": 1, "height": 1, "padding": 0,
      "boundary": "y", "y": 0, "x": 0
    },
    {
      "name": "set0_order_boundary_1", "_id": 7, "cid": "set0_order",
      "temp": true, "fixed": true,
      "width": 1, "height": 1, "padding": 0,
      "boundary": "y", "y": 30, "x": 10
    }
  ],
  "links": [
    {"source": 0, "target": 1},
    {"source": 0, "target": 2},
    {"source": 1, "target": 3},
    {"source": 2, "target": 4},
    {"source": 2, "target": 5}
  ],
  "constraints": [
    {
      "_type": "layer_align",
      "type": "alignment", "axis": "y",
      "offsets": [{"node": 0,"offset": 0}]
    },
    {
      "_type": "layer_align",
      "type": "alignment", "axis": "y",
      "offsets": [{"node": 1,"offset": 0}, {"node": 2,"offset": 0}]
    },
    {
      "_type": "layer_align",
      "type": "alignment", "axis": "y",
      "offsets": [{"node": 3,"offset": 0}, {"node": 4,"offset": 0}, {"node": 5,"offset": 0}]
    },
    {"_type": "set0_order", "axis": "y", "left": 0, "right": 6, "gap": 0},
    {"_type": "set0_order", "axis": "y", "left": 6, "right": 1, "gap": 0},
    {"_type": "set0_order", "axis": "y", "left": 1, "right": 7, "gap": 0},
    {"_type": "set0_order", "axis": "y", "left": 6, "right": 2, "gap": 0},
    {"_type": "set0_order", "axis": "y", "left": 2, "right": 7, "gap": 0},
    {"_type": "set0_order", "axis": "y", "left": 7, "right": 3, "gap": 0},
    {"_type": "set0_order", "axis": "y", "left": 7, "right": 4, "gap": 0},
    {"_type": "set0_order", "axis": "y", "left": 7, "right": 5, "gap": 0}
  ]
}