{
	"nodes":[
    {
      "_id":0,
      "name":"N28",
      "syphilis":false,
      "group":"white men",
      "color": "white",
      "stroke": "black",
      "height": 16,
      "width": 31
    },
    {
      "_id":1,
      "name":"S21",
      "syphilis":true,
      "group":"white men",
      "color": "white",
      "stroke": "black",
      "height": 16,
      "width": 31
    },
    {
      "_id":2,
      "name":"S2",
      "syphilis":true,
      "group":"white men",
      "color": "white",
      "stroke": "black",
      "height": 16,
      "width": 24
    },
    {
      "_id":3,
      "name":"N29",
      "syphilis":false,
      "group":"white men",
      "color": "white",
      "stroke": "black",
      "height": 16,
      "width": 31
    },
    {
      "_id":4,
      "name":"N37",
      "syphilis":false,
      "group":"white men",
      "color": "white",
      "stroke": "black",
      "height": 16,
      "width": 31
    },
    {
      "_id":5,
      "name":"N50",
      "syphilis":false,
      "group":"white men",
      "color": "white",
      "stroke": "black",
      "height": 16,
      "width": 31
    },
    {
      "_id":6,
      "name":"N42",
      "syphilis":false,
      "group":"young white women",
      "color": "white",
      "stroke": "black",
      "height": 16,
      "width": 31
    },
    {
      "_id":7,
      "name":"N18",
      "syphilis":false,
      "group":"young white women",
      "color": "white",
      "stroke": "black",
      "height": 16,
      "width": 31
    },
    {
      "_id":8,
      "name":"S9",
      "syphilis":true,
      "group":"young white women",
      "color": "white",
      "stroke": "black",
      "height": 16,
      "width": 24
    },
    {
      "_id":9,
      "name":"N59",
      "syphilis":false,
      "group":"young white women",
      "color": "white",
      "stroke": "black",
      "height": 16,
      "width": 31
    },
    {
      "_id":10,
      "name":"N12",
      "syphilis":false,
      "group":"young white women",
      "color": "white",
      "stroke": "black",
      "height": 16,
      "width": 31
    },
    {
      "_id":11,
      "name":"N14",
      "syphilis":false,
      "group":"young white women",
      "color": "white",
      "stroke": "black",
      "height": 16,
      "width": 31
    },
    {
      "_id":12,
      "name":"S17",
      "syphilis":true,
      "group":"young white women",
      "color": "white",
      "stroke": "black",
      "height": 16,
      "width": 31
    },
    {
      "_id":13,
      "name":"N10",
      "syphilis":false,
      "group":"young white women",
      "color": "white",
      "stroke": "black",
      "height": 16,
      "width": 31
    },
    {
      "_id":14,
      "name":"N41",
      "syphilis":false,
      "group":"young white women",
      "color": "white",
      "stroke": "black",
      "height": 16,
      "width": 31
    },
    {
      "_id":15,
      "name":"S15",
      "syphilis":true,
      "group":"young white women",
      "color": "white",
      "stroke": "black",
      "height": 16,
      "width": 31
    },
    {
      "_id":16,
      "name":"N46",
      "syphilis":false,
      "group":"young white women",
      "color": "white",
      "stroke": "black",
      "height": 16,
      "width": 31
    },
    {
      "_id":17,
      "name":"N86",
      "syphilis":false,
      "group":"young white women",
      "color": "white",
      "stroke": "black",
      "height": 16,
      "width": 31
    },
    {
      "_id":18,
      "name":"N13",
      "syphilis":false,
      "group":"young white women",
      "color": "white",
      "stroke": "black",
      "height": 16,
      "width": 31
    },
    {
      "_id":19,
      "name":"S16",
      "syphilis":true,
      "group":"young white women",
      "color": "white",
      "stroke": "black",
      "height": 16,
      "width": 31
    },
    {
      "_id":20,
      "name":"N48",
      "syphilis":false,
      "group":"young white women",
      "color": "white",
      "stroke": "black",
      "height": 16,
      "width": 31
    },
    {
      "_id":21,
      "name":"N26",
      "syphilis":false,
      "group":"young white women",
      "color": "white",
      "stroke": "black",
      "height": 16,
      "width": 31
    },
    {
      "_id":22,
      "name":"N54",
      "syphilis":false,
      "group":"african american men",
      "color": "white",
      "stroke": "black",
      "height": 16,
      "width": 31
    },
    {
      "_id":23,
      "name":"N25",
      "syphilis":false,
      "group":"african american men",
      "color": "white",
      "stroke": "black",
      "height": 16,
      "width": 31
    },
    {
      "_id":24,
      "name":"N20",
      "syphilis":false,
      "group":"african american men",
      "color": "white",
      "stroke": "black",
      "height": 16,
      "width": 31
    },
    {
      "_id":25,
      "name":"N22",
      "syphilis":false,
      "group":"african american men",
      "color": "white",
      "stroke": "black",
      "height": 16,
      "width": 31
    },
    {
      "_id":26,
      "name":"N23",
      "syphilis":false,
      "group":"african american men",
      "color": "white",
      "stroke": "black",
      "height": 16,
      "width": 31
    },
    {
      "_id":27,
      "name":"S11",
      "syphilis":true,
      "group":"african american men",
      "color": "white",
      "stroke": "black",
      "height": 16,
      "width": 31
    },
    {
      "_id":28,
      "name":"N3",
      "syphilis":false,
      "group":"other",
      "color": "white",
      "stroke": "black",
      "height": 16,
      "width": 24
    },
    {
      "_id":29,
      "name":"S1",
      "syphilis":true,
      "group":"other",
      "color": "white",
      "stroke": "black",
      "height": 16,
      "width": 24
    },
    {
      "_id":30,
      "name":"N43",
      "syphilis":false,
      "group":"other",
      "color": "white",
      "stroke": "black",
      "height": 16,
      "width": 31
    },
    {
      "_id":31,
      "name":"S30",
      "syphilis":true,
      "group":"other",
      "color": "white",
      "stroke": "black",
      "height": 16,
      "width": 31
    },
    {
      "_id":32,
      "name":"S32",
      "syphilis":true,
      "group":"other",
      "color": "white",
      "stroke": "black",
      "height": 16,
      "width": 31
    },
    {
      "_id":33,
      "name":"N27",
      "syphilis":false,
      "group":"other",
      "color": "white",
      "stroke": "black",
      "height": 16,
      "width": 31
    },
    {
      "_id":34,
      "name":"N24",
      "syphilis":false,
      "group":"other",
      "color": "white",
      "stroke": "black",
      "height": 16,
      "width": 31
    },
    {
      "_id":35,
      "name":"N19",
      "syphilis":false,
      "group":"other",
      "color": "white",
      "stroke": "black",
      "height": 16,
      "width": 31
    },
    {
      "_id":36,
      "name":"N75",
      "syphilis":false,
      "group":"other",
      "color": "white",
      "stroke": "black",
      "height": 16,
      "width": 31
    },
    {
      "_id":37,
      "name":"N63",
      "syphilis":false,
      "group":"other",
      "color": "white",
      "stroke": "black",
      "height": 16,
      "width": 31
    },
    {
      "_id":38,
      "name":"N65",
      "syphilis":false,
      "group":"other",
      "color": "white",
      "stroke": "black",
      "height": 16,
      "width": 31
    },
    {
      "_id":39,
      "name":"N98",
      "syphilis":false,
      "group":"other",
      "color": "white",
      "stroke": "black",
      "height": 16,
      "width": 31
    },
    {
      "_id":40,
      "name":"N60",
      "syphilis":false,
      "group":"other",
      "color": "white",
      "stroke": "black",
      "height": 16,
      "width": 31
    }
  ],
	"links":[
		{"source":29,"target":28,"color":"black"},
		{"source":29,"target":2,"color":"black"},
		{"source":30,"target":1,"color":"black"},
		{"source":31,"target":3,"color":"black"},
		{"source":31,"target":26,"color":"black"},
		{"source":32,"target":21,"color":"black"},
		{"source":32,"target":6,"color":"black"},
		{"source":32,"target":12,"color":"black"},
		{"source":33,"target":8,"color":"black"},
		{"source":34,"target":8,"color":"black"},
		{"source":35,"target":27,"color":"black"},
		{"source":36,"target":27,"color":"black"},
		{"source":36,"target":26,"color":"black"},
		{"source":36,"target":25,"color":"black"},
		{"source":40,"target":37,"color":"black"},
		{"source":40,"target":38,"color":"black"},
		{"source":40,"target":23,"color":"black"},
		{"source":40,"target":26,"color":"black"},
		{"source":40,"target":27,"color":"black"},
		{"source":27,"target":39,"color":"black"},
		{"source":22,"target":23,"color":"black"},
		{"source":6,"target":22,"color":"black"},
		{"source":13,"target":22,"color":"black"},
		{"source":8,"target":3,"color":"black"},
		{"source":13,"target":5,"color":"black"},
		{"source":4,"target":15,"color":"black"},
		{"source":15,"target":4,"color":"black"},
		{"source":4,"target":21,"color":"black"},
		{"source":2,"target":16,"color":"black"},
		{"source":2,"target":13,"color":"black"},
		{"source":0,"target":17,"color":"black"},
		{"source":14,"target":27,"color":"black"},
		{"source":27,"target":15,"color":"black"},
		{"source":15,"target":27,"color":"black"},
		{"source":6,"target":25,"color":"black"},
		{"source":25,"target":6,"color":"black"},
		{"source":13,"target":23,"color":"black"},
		{"source":15,"target":8,"color":"black"},
		{"source":15,"target":7,"color":"black"},
		{"source":15,"target":6,"color":"black"},
		{"source":6,"target":15,"color":"black"},
		{"source":1,"target":27,"color":"black"},
		{"source":18,"target":23,"color":"black"},
		{"source":0,"target":7,"color":"black"},
		{"source":0,"target":21,"color":"black"},
		{"source":0,"target":25,"color":"black"},
		{"source":20,"target":0,"color":"black"},
		{"source":1,"target":20,"color":"black"},
		{"source":1,"target":8,"color":"black"},
		{"source":19,"target":21,"color":"black"},
		{"source":21,"target":27,"color":"black"},
		{"source":25,"target":9,"color":"black"},
		{"source":25,"target":10,"color":"black"},
		{"source":8,"target":24,"color":"black"},
		{"source":10,"target":24,"color":"black"},
		{"source":8,"target":23,"color":"black"},
		{"source":7,"target":26,"color":"black"},
		{"source":13,"target":27,"color":"black"},
		{"source":8,"target":2,"color":"black"},
		{"source":19,"target":27,"color":"black"},
		{"source":12,"target":27,"color":"black"},
		{"source":27,"target":10,"color":"black"},
		{"source":27,"target":8,"color":"black"},
		{"source":27,"target":7,"color":"black"},
		{"source":26,"target":13,"color":"black"},
		{"source":26,"target":12,"color":"black"},
		{"source":18,"target":26,"color":"black"},
		{"source":26,"target":10,"color":"black"},
		{"source":26,"target":9,"color":"black"},
		{"source":26,"target":21,"color":"black"},
		{"source":26,"target":8,"color":"black"},
		{"source":15,"target":21,"color":"black"},
		{"source":12,"target":14,"color":"black"},
		{"source":12,"target":18,"color":"black"}
	],
	"guides": [
	  {"name": "top", "y": 50},
		{"name": "boundary", "y": 100},
		{"name": "bottom", "y": 400}
	],
	"constraintDefinitions": [
    {
    	"name": "ethnographic groups",
      "sets": {"partition": "group", "exclude": ["other"]},
      "forEach": [
        {"constraint": "position", "position": "below", "of": "boundary", "gap": 75},
        {"constraint": "position", "position": "above", "of": "bottom", "gap": 30}
      ]
    },
    {
    	"sets": [[
        {"expr": "node.group === 'white men'"},
        {"expr": "node.group === 'young white women' || node.group === 'other'"},
        {"expr": "node.group === 'african american men'"}
      ]],
      "forEach": [
        {"constraint": "order", "axis": "x", "by": "_exprIndex", "band": 300, "gap": 30}
      ]
    },
    {
    	"name": "other individuals",
      "sets": {"partition": "group", "include": ["other"]},
      "forEach": [
        {"constraint": "position", "position": "below", "of": "top", "gap": 5},
        {"constraint": "position", "position": "above", "of": "boundary", "gap": 5},
      	{"constraint": "padding", "amount": 8}
      ]
    },
    {
    	"name": "women",
      "sets": {"partition": "group", "include": ["young white women"]},
      "forEach": [
        {"constraint": "circle", "around": "center", "gap": 75}
      ]
    },
    {
    	"name": "men",
      "sets": {"partition": "group", "exclude": ["young white women", ""]},
      "forEach": [
      	{"constraint": "align", "axis": "y"},
      	{"constraint": "padding", "amount": 10}
      ]
    }
	]
}