{
  "nodes": [
    {
      "_id": 0,
      "name": "N28",
      "syphilis": false,
      "group": "old white men",
      "color": "white",
      "stroke": "black",
      "height": 16,
      "width": 31,
      "pad": 10,
      "spacing": true
    },
    {
      "_id": 1,
      "name": "S21",
      "syphilis": true,
      "group": "old white men",
      "color": "white",
      "stroke": "black",
      "height": 16,
      "width": 31,
      "pad": 10,
      "spacing": true
    },
    {
      "_id": 2,
      "name": "S2",
      "syphilis": true,
      "group": "old white men",
      "color": "white",
      "stroke": "black",
      "height": 16,
      "width": 24,
      "pad": 10,
      "spacing": true
    },
    {
      "_id": 3,
      "name": "N29",
      "syphilis": false,
      "group": "old white men",
      "color": "white",
      "stroke": "black",
      "height": 16,
      "width": 31,
      "pad": 10,
      "spacing": true
    },
    {
      "_id": 4,
      "name": "N37",
      "syphilis": false,
      "group": "old white men",
      "color": "white",
      "stroke": "black",
      "height": 16,
      "width": 31,
      "pad": 10,
      "spacing": true
    },
    {
      "_id": 5,
      "name": "N50",
      "syphilis": false,
      "group": "old white men",
      "color": "white",
      "stroke": "black",
      "height": 16,
      "width": 31,
      "pad": 10,
      "spacing": true
    },
    {
      "_id": 6,
      "name": "N42",
      "syphilis": false,
      "group": "young white women",
      "color": "white",
      "stroke": "black",
      "height": 16,
      "width": 31
    },
    {
      "_id": 7,
      "name": "N18",
      "syphilis": false,
      "group": "young white women",
      "color": "white",
      "stroke": "black",
      "height": 16,
      "width": 31
    },
    {
      "_id": 8,
      "name": "S9",
      "syphilis": true,
      "group": "young white women",
      "color": "white",
      "stroke": "black",
      "height": 16,
      "width": 24
    },
    {
      "_id": 9,
      "name": "N59",
      "syphilis": false,
      "group": "young white women",
      "color": "white",
      "stroke": "black",
      "height": 16,
      "width": 31
    },
    {
      "_id": 10,
      "name": "N12",
      "syphilis": false,
      "group": "young white women",
      "color": "white",
      "stroke": "black",
      "height": 16,
      "width": 31
    },
    {
      "_id": 11,
      "name": "N14",
      "syphilis": false,
      "group": "young white women",
      "color": "white",
      "stroke": "black",
      "height": 16,
      "width": 31
    },
    {
      "_id": 12,
      "name": "S17",
      "syphilis": true,
      "group": "young white women",
      "color": "white",
      "stroke": "black",
      "height": 16,
      "width": 31
    },
    {
      "_id": 13,
      "name": "N10",
      "syphilis": false,
      "group": "young white women",
      "color": "white",
      "stroke": "black",
      "height": 16,
      "width": 31
    },
    {
      "_id": 14,
      "name": "N41",
      "syphilis": false,
      "group": "young white women",
      "color": "white",
      "stroke": "black",
      "height": 16,
      "width": 31
    },
    {
      "_id": 15,
      "name": "S15",
      "syphilis": true,
      "group": "young white women",
      "color": "white",
      "stroke": "black",
      "height": 16,
      "width": 31
    },
    {
      "_id": 16,
      "name": "N46",
      "syphilis": false,
      "group": "young white women",
      "color": "white",
      "stroke": "black",
      "height": 16,
      "width": 31
    },
    {
      "_id": 17,
      "name": "N86",
      "syphilis": false,
      "group": "young white women",
      "color": "white",
      "stroke": "black",
      "height": 16,
      "width": 31
    },
    {
      "_id": 18,
      "name": "N13",
      "syphilis": false,
      "group": "young white women",
      "color": "white",
      "stroke": "black",
      "height": 16,
      "width": 31
    },
    {
      "_id": 19,
      "name": "S16",
      "syphilis": true,
      "group": "young white women",
      "color": "white",
      "stroke": "black",
      "height": 16,
      "width": 31
    },
    {
      "_id": 20,
      "name": "N48",
      "syphilis": false,
      "group": "young white women",
      "color": "white",
      "stroke": "black",
      "height": 16,
      "width": 31
    },
    {
      "_id": 21,
      "name": "N26",
      "syphilis": false,
      "group": "young white women",
      "color": "white",
      "stroke": "black",
      "height": 16,
      "width": 31
    },
    {
      "_id": 22,
      "name": "N54",
      "syphilis": false,
      "group": "old african american men",
      "color": "white",
      "stroke": "black",
      "height": 16,
      "width": 31,
      "pad": 10,
      "spacing": true
    },
    {
      "_id": 23,
      "name": "N25",
      "syphilis": false,
      "group": "old african american men",
      "color": "white",
      "stroke": "black",
      "height": 16,
      "width": 31,
      "pad": 10,
      "spacing": true
    },
    {
      "_id": 24,
      "name": "N20",
      "syphilis": false,
      "group": "old african american men",
      "color": "white",
      "stroke": "black",
      "height": 16,
      "width": 31,
      "pad": 10,
      "spacing": true
    },
    {
      "_id": 25,
      "name": "N22",
      "syphilis": false,
      "group": "old african american men",
      "color": "white",
      "stroke": "black",
      "height": 16,
      "width": 31,
      "pad": 10,
      "spacing": true
    },
    {
      "_id": 26,
      "name": "N23",
      "syphilis": false,
      "group": "old african american men",
      "color": "white",
      "stroke": "black",
      "height": 16,
      "width": 31,
      "pad": 10,
      "spacing": true
    },
    {
      "_id": 27,
      "name": "S11",
      "syphilis": true,
      "group": "old african american men",
      "color": "white",
      "stroke": "black",
      "height": 16,
      "width": 31,
      "pad": 10,
      "spacing": true
    },
    {
      "_id": 28,
      "name": "N3",
      "syphilis": false,
      "group": "",
      "color": "white",
      "stroke": "black",
      "height": 16,
      "width": 24,
      "pad": 8,
      "spacing": true
    },
    {
      "_id": 29,
      "name": "S1",
      "syphilis": true,
      "group": "",
      "color": "white",
      "stroke": "black",
      "height": 16,
      "width": 24,
      "pad": 8,
      "spacing": true
    },
    {
      "_id": 30,
      "name": "N43",
      "syphilis": false,
      "group": "",
      "color": "white",
      "stroke": "black",
      "height": 16,
      "width": 31,
      "pad": 8,
      "spacing": true
    },
    {
      "_id": 31,
      "name": "S30",
      "syphilis": true,
      "group": "",
      "color": "white",
      "stroke": "black",
      "height": 16,
      "width": 31,
      "pad": 8,
      "spacing": true
    },
    {
      "_id": 32,
      "name": "S32",
      "syphilis": true,
      "group": "",
      "color": "white",
      "stroke": "black",
      "height": 16,
      "width": 31,
      "pad": 8,
      "spacing": true
    },
    {
      "_id": 33,
      "name": "N27",
      "syphilis": false,
      "group": "",
      "color": "white",
      "stroke": "black",
      "height": 16,
      "width": 31,
      "pad": 8,
      "spacing": true
    },
    {
      "_id": 34,
      "name": "N24",
      "syphilis": false,
      "group": "",
      "color": "white",
      "stroke": "black",
      "height": 16,
      "width": 31,
      "pad": 8,
      "spacing": true
    },
    {
      "_id": 35,
      "name": "N19",
      "syphilis": false,
      "group": "",
      "color": "white",
      "stroke": "black",
      "height": 16,
      "width": 31,
      "pad": 8,
      "spacing": true
    },
    {
      "_id": 36,
      "name": "N75",
      "syphilis": false,
      "group": "",
      "color": "white",
      "stroke": "black",
      "height": 16,
      "width": 31,
      "pad": 8,
      "spacing": true
    },
    {
      "_id": 37,
      "name": "N63",
      "syphilis": false,
      "group": "",
      "color": "white",
      "stroke": "black",
      "height": 16,
      "width": 31,
      "pad": 8,
      "spacing": true
    },
    {
      "_id": 38,
      "name": "N65",
      "syphilis": false,
      "group": "",
      "color": "white",
      "stroke": "black",
      "height": 16,
      "width": 31,
      "pad": 8,
      "spacing": true
    },
    {
      "_id": 39,
      "name": "N98",
      "syphilis": false,
      "group": "",
      "color": "white",
      "stroke": "black",
      "height": 16,
      "width": 31,
      "pad": 8,
      "spacing": true
    },
    {
      "_id": 40,
      "name": "N60",
      "syphilis": false,
      "group": "",
      "color": "white",
      "stroke": "black",
      "height": 16,
      "width": 31,
      "pad": 8,
      "spacing": true
    },
    {
      "fixed": true,
      "temp": true,
      "guide": true,
      "width": 1,
      "height": 1,
      "padding": 0,
      "boundary": "y",
      "y": 50,
      "x": 0,
      "name": "top",
      "_id": 41
    },
    {
      "fixed": true,
      "temp": true,
      "guide": true,
      "width": 1,
      "height": 1,
      "padding": 0,
      "boundary": "y",
      "y": 100,
      "x": 10,
      "name": "boundary",
      "_id": 42
    },
    {
      "fixed": true,
      "temp": true,
      "guide": true,
      "width": 1,
      "height": 1,
      "padding": 0,
      "boundary": "y",
      "y": 400,
      "x": 20,
      "name": "bottom",
      "_id": 43
    },
    {
      "temp": true,
      "fixed": true,
      "cid": "set0_order",
      "width": 1,
      "height": 1,
      "padding": 0,
      "name": "set0_order_boundary_0",
      "boundary": "x",
      "x": 0,
      "y": 30,
      "_id": 44
    },
    {
      "temp": true,
      "fixed": true,
      "cid": "set0_order",
      "width": 1,
      "height": 1,
      "padding": 0,
      "name": "set0_order_boundary_1",
      "boundary": "x",
      "x": 300,
      "y": 40,
      "_id": 45
    },
    {
      "temp": true,
      "fixed": true,
      "cid": "set0_order",
      "width": 1,
      "height": 1,
      "padding": 0,
      "name": "set0_order_boundary_2",
      "boundary": "x",
      "x": 600,
      "y": 50,
      "_id": 46
    },
    {
      "temp": true,
      "fixed": true,
      "cid": "set0_order",
      "width": 1,
      "height": 1,
      "padding": 0,
      "name": "set0_order_boundary_3",
      "boundary": "x",
      "x": 900,
      "y": 60,
      "_id": 47
    },
    {
      "temp": true, 
      "name": "women_circle_center", 
      "_id": 48
    }
  ],
  "links": [
    {"source": 29, "target": 28, "color": "black"},
    {"source": 29, "target": 2, "color": "black"},
    {"source": 30, "target": 1, "color": "black"},
    {"source": 31, "target": 3, "color": "black"},
    {"source": 31, "target": 26, "color": "black"},
    {"source": 32, "target": 21, "color": "black", "circle": true},
    {"source": 32, "target": 6, "color": "black", "circle": true},
    {"source": 32, "target": 12, "color": "black", "circle": true},
    {"source": 33, "target": 8, "color": "black", "circle": true},
    {"source": 34, "target": 8, "color": "black", "circle": true},
    {"source": 35, "target": 27, "color": "black"},
    {"source": 36, "target": 27, "color": "black"},
    {"source": 36, "target": 26, "color": "black"},
    {"source": 36, "target": 25, "color": "black"},
    {"source": 40, "target": 37, "color": "black"},
    {"source": 40, "target": 38, "color": "black"},
    {"source": 40, "target": 23, "color": "black"},
    {"source": 40, "target": 26, "color": "black"},
    {"source": 40, "target": 27, "color": "black"},
    {"source": 27, "target": 39, "color": "black"},
    {"source": 22, "target": 23, "color": "black"},
    {"source": 6, "target": 22, "color": "black", "circle": true},
    {"source": 13, "target": 22, "color": "black", "circle": true},
    {"source": 8, "target": 3, "color": "black", "circle": true},
    {"source": 13, "target": 5, "color": "black", "circle": true},
    {"source": 4, "target": 15, "color": "black", "circle": true},
    {"source": 15, "target": 4, "color": "black", "circle": true},
    {"source": 4, "target": 21, "color": "black", "circle": true},
    {"source": 2, "target": 16, "color": "black", "circle": true},
    {"source": 2, "target": 13, "color": "black", "circle": true},
    {"source": 0, "target": 17, "color": "black", "circle": true},
    {"source": 14, "target": 27, "color": "black", "circle": true},
    {"source": 27, "target": 15, "color": "black", "circle": true},
    {"source": 15, "target": 27, "color": "black", "circle": true},
    {"source": 6, "target": 25, "color": "black", "circle": true},
    {"source": 25, "target": 6, "color": "black", "circle": true},
    {"source": 13, "target": 23, "color": "black", "circle": true},
    {"source": 15, "target": 8, "color": "black", "circle": true},
    {"source": 15, "target": 7, "color": "black", "circle": true},
    {"source": 15, "target": 6, "color": "black", "circle": true},
    {"source": 6, "target": 15, "color": "black", "circle": true},
    {"source": 1, "target": 27, "color": "black"},
    {"source": 18, "target": 23, "color": "black", "circle": true},
    {"source": 0, "target": 7, "color": "black", "circle": true},
    {"source": 0, "target": 21, "color": "black", "circle": true},
    {"source": 0, "target": 25, "color": "black"},
    {"source": 20, "target": 0, "color": "black", "circle": true},
    {"source": 1, "target": 20, "color": "black", "circle": true},
    {"source": 1, "target": 8, "color": "black", "circle": true},
    {"source": 19, "target": 21, "color": "black", "circle": true},
    {"source": 21, "target": 27, "color": "black", "circle": true},
    {"source": 25, "target": 9, "color": "black", "circle": true},
    {"source": 25, "target": 10, "color": "black", "circle": true},
    {"source": 8, "target": 24, "color": "black", "circle": true},
    {"source": 10, "target": 24, "color": "black", "circle": true},
    {"source": 8, "target": 23, "color": "black", "circle": true},
    {"source": 7, "target": 26, "color": "black", "circle": true},
    {"source": 13, "target": 27, "color": "black", "circle": true},
    {"source": 8, "target": 2, "color": "black", "circle": true},
    {"source": 19, "target": 27, "color": "black", "circle": true},
    {"source": 12, "target": 27, "color": "black", "circle": true},
    {"source": 27, "target": 10, "color": "black", "circle": true},
    {"source": 27, "target": 8, "color": "black", "circle": true},
    {"source": 27, "target": 7, "color": "black", "circle": true},
    {"source": 26, "target": 13, "color": "black", "circle": true},
    {"source": 26, "target": 12, "color": "black", "circle": true},
    {"source": 18, "target": 26, "color": "black", "circle": true},
    {"source": 26, "target": 10, "color": "black", "circle": true},
    {"source": 26, "target": 9, "color": "black", "circle": true},
    {"source": 26, "target": 21, "color": "black", "circle": true},
    {"source": 26, "target": 8, "color": "black", "circle": true},
    {"source": 15, "target": 21, "color": "black", "circle": true},
    {"source": 12, "target": 14, "color": "black", "circle": true},
    {"source": 12, "target": 18, "color": "black", "circle": true},
    {"source": 21, "target": 6, "temp": true, "length": 29.26354830241925},
    {"source": 6, "target": 7, "temp": true, "length": 29.26354830241925},
    {"source": 7, "target": 8, "temp": true, "length": 29.26354830241925},
    {"source": 8, "target": 9, "temp": true, "length": 29.26354830241925},
    {"source": 9, "target": 10, "temp": true, "length": 29.26354830241925},
    {"source": 10, "target": 11, "temp": true, "length": 29.26354830241925},
    {"source": 11, "target": 12, "temp": true, "length": 29.26354830241925},
    {"source": 12, "target": 13, "temp": true, "length": 29.26354830241925},
    {"source": 13, "target": 14, "temp": true, "length": 29.26354830241925},
    {"source": 14, "target": 15, "temp": true, "length": 29.26354830241925},
    {"source": 15, "target": 16, "temp": true, "length": 29.26354830241925},
    {"source": 16, "target": 17, "temp": true, "length": 29.26354830241925},
    {"source": 17, "target": 18, "temp": true, "length": 29.26354830241925},
    {"source": 18, "target": 19, "temp": true, "length": 29.26354830241925},
    {"source": 19, "target": 20, "temp": true, "length": 29.26354830241925},
    {"source": 20, "target": 21, "temp": true, "length": 29.26354830241925},
    {"source": 48, "target": 6, "temp": true, "length": 75},
    {"source": 48, "target": 7, "temp": true, "length": 75},
    {"source": 48, "target": 8, "temp": true, "length": 75},
    {"source": 48, "target": 9, "temp": true, "length": 75},
    {"source": 48, "target": 10, "temp": true, "length": 75},
    {"source": 48, "target": 11, "temp": true, "length": 75},
    {"source": 48, "target": 12, "temp": true, "length": 75},
    {"source": 48, "target": 13, "temp": true, "length": 75},
    {"source": 48, "target": 14, "temp": true, "length": 75},
    {"source": 48, "target": 15, "temp": true, "length": 75},
    {"source": 48, "target": 16, "temp": true, "length": 75},
    {"source": 48, "target": 17, "temp": true, "length": 75},
    {"source": 48, "target": 18, "temp": true, "length": 75},
    {"source": 48, "target": 19, "temp": true, "length": 75},
    {"source": 48, "target": 20, "temp": true, "length": 75},
    {"source": 48, "target": 21, "temp": true, "length": 75}
  ],
  "guides": [
    {"name": "top", "y": 50},
    {"name": "boundary", "y": 100},
    {"name": "bottom", "y": 400}
  ],
  "constraints": [
    {"axis": "y", "left": 42, "right": 0, "gap": 75, "_type": "ethnographic groups_position"},
    {"axis": "y", "left": 42, "right": 1, "gap": 75, "_type": "ethnographic groups_position"},
    {"axis": "y", "left": 42, "right": 2, "gap": 75, "_type": "ethnographic groups_position"},
    {"axis": "y", "left": 42, "right": 3, "gap": 75, "_type": "ethnographic groups_position"},
    {"axis": "y", "left": 42, "right": 4, "gap": 75, "_type": "ethnographic groups_position"},
    {"axis": "y", "left": 42, "right": 5, "gap": 75, "_type": "ethnographic groups_position"},
    {"axis": "y", "left": 42, "right": 6, "gap": 75, "_type": "ethnographic groups_position"},
    {"axis": "y", "left": 42, "right": 7, "gap": 75, "_type": "ethnographic groups_position"},
    {"axis": "y", "left": 42, "right": 8, "gap": 75, "_type": "ethnographic groups_position"},
    {"axis": "y", "left": 42, "right": 9, "gap": 75, "_type": "ethnographic groups_position"},
    {"axis": "y", "left": 42, "right": 10, "gap": 75, "_type": "ethnographic groups_position"},
    {"axis": "y", "left": 42, "right": 11, "gap": 75, "_type": "ethnographic groups_position"},
    {"axis": "y", "left": 42, "right": 12, "gap": 75, "_type": "ethnographic groups_position"},
    {"axis": "y", "left": 42, "right": 13, "gap": 75, "_type": "ethnographic groups_position"},
    {"axis": "y", "left": 42, "right": 14, "gap": 75, "_type": "ethnographic groups_position"},
    {"axis": "y", "left": 42, "right": 15, "gap": 75, "_type": "ethnographic groups_position"},
    {"axis": "y", "left": 42, "right": 16, "gap": 75, "_type": "ethnographic groups_position"},
    {"axis": "y", "left": 42, "right": 17, "gap": 75, "_type": "ethnographic groups_position"},
    {"axis": "y", "left": 42, "right": 18, "gap": 75, "_type": "ethnographic groups_position"},
    {"axis": "y", "left": 42, "right": 19, "gap": 75, "_type": "ethnographic groups_position"},
    {"axis": "y", "left": 42, "right": 20, "gap": 75, "_type": "ethnographic groups_position"},
    {"axis": "y", "left": 42, "right": 21, "gap": 75, "_type": "ethnographic groups_position"},
    {"axis": "y", "left": 42, "right": 22, "gap": 75, "_type": "ethnographic groups_position"},
    {"axis": "y", "left": 42, "right": 23, "gap": 75, "_type": "ethnographic groups_position"},
    {"axis": "y", "left": 42, "right": 24, "gap": 75, "_type": "ethnographic groups_position"},
    {"axis": "y", "left": 42, "right": 25, "gap": 75, "_type": "ethnographic groups_position"},
    {"axis": "y", "left": 42, "right": 26, "gap": 75, "_type": "ethnographic groups_position"},
    {"axis": "y", "left": 42, "right": 27, "gap": 75, "_type": "ethnographic groups_position"},
    {"axis": "y", "left": 0, "right": 43, "gap": 30, "_type": "ethnographic groups_position"},
    {"axis": "y", "left": 1, "right": 43, "gap": 30, "_type": "ethnographic groups_position"},
    {"axis": "y", "left": 2, "right": 43, "gap": 30, "_type": "ethnographic groups_position"},
    {"axis": "y", "left": 3, "right": 43, "gap": 30, "_type": "ethnographic groups_position"},
    {"axis": "y", "left": 4, "right": 43, "gap": 30, "_type": "ethnographic groups_position"},
    {"axis": "y", "left": 5, "right": 43, "gap": 30, "_type": "ethnographic groups_position"},
    {"axis": "y", "left": 6, "right": 43, "gap": 30, "_type": "ethnographic groups_position"},
    {"axis": "y", "left": 7, "right": 43, "gap": 30, "_type": "ethnographic groups_position"},
    {"axis": "y", "left": 8, "right": 43, "gap": 30, "_type": "ethnographic groups_position"},
    {"axis": "y", "left": 9, "right": 43, "gap": 30, "_type": "ethnographic groups_position"},
    {"axis": "y", "left": 10, "right": 43, "gap": 30, "_type": "ethnographic groups_position"},
    {"axis": "y", "left": 11, "right": 43, "gap": 30, "_type": "ethnographic groups_position"},
    {"axis": "y", "left": 12, "right": 43, "gap": 30, "_type": "ethnographic groups_position"},
    {"axis": "y", "left": 13, "right": 43, "gap": 30, "_type": "ethnographic groups_position"},
    {"axis": "y", "left": 14, "right": 43, "gap": 30, "_type": "ethnographic groups_position"},
    {"axis": "y", "left": 15, "right": 43, "gap": 30, "_type": "ethnographic groups_position"},
    {"axis": "y", "left": 16, "right": 43, "gap": 30, "_type": "ethnographic groups_position"},
    {"axis": "y", "left": 17, "right": 43, "gap": 30, "_type": "ethnographic groups_position"},
    {"axis": "y", "left": 18, "right": 43, "gap": 30, "_type": "ethnographic groups_position"},
    {"axis": "y", "left": 19, "right": 43, "gap": 30, "_type": "ethnographic groups_position"},
    {"axis": "y", "left": 20, "right": 43, "gap": 30, "_type": "ethnographic groups_position"},
    {"axis": "y", "left": 21, "right": 43, "gap": 30, "_type": "ethnographic groups_position"},
    {"axis": "y", "left": 22, "right": 43, "gap": 30, "_type": "ethnographic groups_position"},
    {"axis": "y", "left": 23, "right": 43, "gap": 30, "_type": "ethnographic groups_position"},
    {"axis": "y", "left": 24, "right": 43, "gap": 30, "_type": "ethnographic groups_position"},
    {"axis": "y", "left": 25, "right": 43, "gap": 30, "_type": "ethnographic groups_position"},
    {"axis": "y", "left": 26, "right": 43, "gap": 30, "_type": "ethnographic groups_position"},
    {"axis": "y", "left": 27, "right": 43, "gap": 30, "_type": "ethnographic groups_position"},
    {"axis": "x", "left": 44, "right": 0, "gap": 30, "_type": "set0_order"},
    {"axis": "x", "left": 0, "right": 45, "gap": 30, "_type": "set0_order"},
    {"axis": "x", "left": 44, "right": 1, "gap": 30, "_type": "set0_order"},
    {"axis": "x", "left": 1, "right": 45, "gap": 30, "_type": "set0_order"},
    {"axis": "x", "left": 44, "right": 2, "gap": 30, "_type": "set0_order"},
    {"axis": "x", "left": 2, "right": 45, "gap": 30, "_type": "set0_order"},
    {"axis": "x", "left": 44, "right": 3, "gap": 30, "_type": "set0_order"},
    {"axis": "x", "left": 3, "right": 45, "gap": 30, "_type": "set0_order"},
    {"axis": "x", "left": 44, "right": 4, "gap": 30, "_type": "set0_order"},
    {"axis": "x", "left": 4, "right": 45, "gap": 30, "_type": "set0_order"},
    {"axis": "x", "left": 44, "right": 5, "gap": 30, "_type": "set0_order"},
    {"axis": "x", "left": 5, "right": 45, "gap": 30, "_type": "set0_order"},
    {"axis": "x", "left": 45, "right": 6, "gap": 30, "_type": "set0_order"},
    {"axis": "x", "left": 6, "right": 46, "gap": 30, "_type": "set0_order"},
    {"axis": "x", "left": 45, "right": 7, "gap": 30, "_type": "set0_order"},
    {"axis": "x", "left": 7, "right": 46, "gap": 30, "_type": "set0_order"},
    {"axis": "x", "left": 45, "right": 8, "gap": 30, "_type": "set0_order"},
    {"axis": "x", "left": 8, "right": 46, "gap": 30, "_type": "set0_order"},
    {"axis": "x", "left": 45, "right": 9, "gap": 30, "_type": "set0_order"},
    {"axis": "x", "left": 9, "right": 46, "gap": 30, "_type": "set0_order"},
    {"axis": "x", "left": 45, "right": 10, "gap": 30, "_type": "set0_order"},
    {"axis": "x", "left": 10, "right": 46, "gap": 30, "_type": "set0_order"},
    {"axis": "x", "left": 45, "right": 11, "gap": 30, "_type": "set0_order"},
    {"axis": "x", "left": 11, "right": 46, "gap": 30, "_type": "set0_order"},
    {"axis": "x", "left": 45, "right": 12, "gap": 30, "_type": "set0_order"},
    {"axis": "x", "left": 12, "right": 46, "gap": 30, "_type": "set0_order"},
    {"axis": "x", "left": 45, "right": 13, "gap": 30, "_type": "set0_order"},
    {"axis": "x", "left": 13, "right": 46, "gap": 30, "_type": "set0_order"},
    {"axis": "x", "left": 45, "right": 14, "gap": 30, "_type": "set0_order"},
    {"axis": "x", "left": 14, "right": 46, "gap": 30, "_type": "set0_order"},
    {"axis": "x", "left": 45, "right": 15, "gap": 30, "_type": "set0_order"},
    {"axis": "x", "left": 15, "right": 46, "gap": 30, "_type": "set0_order"},
    {"axis": "x", "left": 45, "right": 16, "gap": 30, "_type": "set0_order"},
    {"axis": "x", "left": 16, "right": 46, "gap": 30, "_type": "set0_order"},
    {"axis": "x", "left": 45, "right": 17, "gap": 30, "_type": "set0_order"},
    {"axis": "x", "left": 17, "right": 46, "gap": 30, "_type": "set0_order"},
    {"axis": "x", "left": 45, "right": 18, "gap": 30, "_type": "set0_order"},
    {"axis": "x", "left": 18, "right": 46, "gap": 30, "_type": "set0_order"},
    {"axis": "x", "left": 45, "right": 19, "gap": 30, "_type": "set0_order"},
    {"axis": "x", "left": 19, "right": 46, "gap": 30, "_type": "set0_order"},
    {"axis": "x", "left": 45, "right": 20, "gap": 30, "_type": "set0_order"},
    {"axis": "x", "left": 20, "right": 46, "gap": 30, "_type": "set0_order"},
    {"axis": "x", "left": 45, "right": 21, "gap": 30, "_type": "set0_order"},
    {"axis": "x", "left": 21, "right": 46, "gap": 30, "_type": "set0_order"},
    {"axis": "x", "left": 45, "right": 28, "gap": 30, "_type": "set0_order"},
    {"axis": "x", "left": 28, "right": 46, "gap": 30, "_type": "set0_order"},
    {"axis": "x", "left": 45, "right": 29, "gap": 30, "_type": "set0_order"},
    {"axis": "x", "left": 29, "right": 46, "gap": 30, "_type": "set0_order"},
    {"axis": "x", "left": 45, "right": 30, "gap": 30, "_type": "set0_order"},
    {"axis": "x", "left": 30, "right": 46, "gap": 30, "_type": "set0_order"},
    {"axis": "x", "left": 45, "right": 31, "gap": 30, "_type": "set0_order"},
    {"axis": "x", "left": 31, "right": 46, "gap": 30, "_type": "set0_order"},
    {"axis": "x", "left": 45, "right": 32, "gap": 30, "_type": "set0_order"},
    {"axis": "x", "left": 32, "right": 46, "gap": 30, "_type": "set0_order"},
    {"axis": "x", "left": 45, "right": 33, "gap": 30, "_type": "set0_order"},
    {"axis": "x", "left": 33, "right": 46, "gap": 30, "_type": "set0_order"},
    {"axis": "x", "left": 45, "right": 34, "gap": 30, "_type": "set0_order"},
    {"axis": "x", "left": 34, "right": 46, "gap": 30, "_type": "set0_order"},
    {"axis": "x", "left": 45, "right": 35, "gap": 30, "_type": "set0_order"},
    {"axis": "x", "left": 35, "right": 46, "gap": 30, "_type": "set0_order"},
    {"axis": "x", "left": 45, "right": 36, "gap": 30, "_type": "set0_order"},
    {"axis": "x", "left": 36, "right": 46, "gap": 30, "_type": "set0_order"},
    {"axis": "x", "left": 45, "right": 37, "gap": 30, "_type": "set0_order"},
    {"axis": "x", "left": 37, "right": 46, "gap": 30, "_type": "set0_order"},
    {"axis": "x", "left": 45, "right": 38, "gap": 30, "_type": "set0_order"},
    {"axis": "x", "left": 38, "right": 46, "gap": 30, "_type": "set0_order"},
    {"axis": "x", "left": 45, "right": 39, "gap": 30, "_type": "set0_order"},
    {"axis": "x", "left": 39, "right": 46, "gap": 30, "_type": "set0_order"},
    {"axis": "x", "left": 45, "right": 40, "gap": 30, "_type": "set0_order"},
    {"axis": "x", "left": 40, "right": 46, "gap": 30, "_type": "set0_order"},
    {"axis": "x", "left": 46, "right": 22, "gap": 30, "_type": "set0_order"},
    {"axis": "x", "left": 22, "right": 47, "gap": 30, "_type": "set0_order"},
    {"axis": "x", "left": 46, "right": 23, "gap": 30, "_type": "set0_order"},
    {"axis": "x", "left": 23, "right": 47, "gap": 30, "_type": "set0_order"},
    {"axis": "x", "left": 46, "right": 24, "gap": 30, "_type": "set0_order"},
    {"axis": "x", "left": 24, "right": 47, "gap": 30, "_type": "set0_order"},
    {"axis": "x", "left": 46, "right": 25, "gap": 30, "_type": "set0_order"},
    {"axis": "x", "left": 25, "right": 47, "gap": 30, "_type": "set0_order"},
    {"axis": "x", "left": 46, "right": 26, "gap": 30, "_type": "set0_order"},
    {"axis": "x", "left": 26, "right": 47, "gap": 30, "_type": "set0_order"},
    {"axis": "x", "left": 46, "right": 27, "gap": 30, "_type": "set0_order"},
    {"axis": "x", "left": 27, "right": 47, "gap": 30, "_type": "set0_order"},
    {"axis": "y", "left": 41, "right": 28, "gap": 5, "_type": "other individuals_position"},
    {"axis": "y", "left": 41, "right": 29, "gap": 5, "_type": "other individuals_position"},
    {"axis": "y", "left": 41, "right": 30, "gap": 5, "_type": "other individuals_position"},
    {"axis": "y", "left": 41, "right": 31, "gap": 5, "_type": "other individuals_position"},
    {"axis": "y", "left": 41, "right": 32, "gap": 5, "_type": "other individuals_position"},
    {"axis": "y", "left": 41, "right": 33, "gap": 5, "_type": "other individuals_position"},
    {"axis": "y", "left": 41, "right": 34, "gap": 5, "_type": "other individuals_position"},
    {"axis": "y", "left": 41, "right": 35, "gap": 5, "_type": "other individuals_position"},
    {"axis": "y", "left": 41, "right": 36, "gap": 5, "_type": "other individuals_position"},
    {"axis": "y", "left": 41, "right": 37, "gap": 5, "_type": "other individuals_position"},
    {"axis": "y", "left": 41, "right": 38, "gap": 5, "_type": "other individuals_position"},
    {"axis": "y", "left": 41, "right": 39, "gap": 5, "_type": "other individuals_position"},
    {"axis": "y", "left": 41, "right": 40, "gap": 5, "_type": "other individuals_position"},
    {"axis": "y", "left": 28, "right": 42, "gap": 5, "_type": "other individuals_position"},
    {"axis": "y", "left": 29, "right": 42, "gap": 5, "_type": "other individuals_position"},
    {"axis": "y", "left": 30, "right": 42, "gap": 5, "_type": "other individuals_position"},
    {"axis": "y", "left": 31, "right": 42, "gap": 5, "_type": "other individuals_position"},
    {"axis": "y", "left": 32, "right": 42, "gap": 5, "_type": "other individuals_position"},
    {"axis": "y", "left": 33, "right": 42, "gap": 5, "_type": "other individuals_position"},
    {"axis": "y", "left": 34, "right": 42, "gap": 5, "_type": "other individuals_position"},
    {"axis": "y", "left": 35, "right": 42, "gap": 5, "_type": "other individuals_position"},
    {"axis": "y", "left": 36, "right": 42, "gap": 5, "_type": "other individuals_position"},
    {"axis": "y", "left": 37, "right": 42, "gap": 5, "_type": "other individuals_position"},
    {"axis": "y", "left": 38, "right": 42, "gap": 5, "_type": "other individuals_position"},
    {"axis": "y", "left": 39, "right": 42, "gap": 5, "_type": "other individuals_position"},
    {"axis": "y", "left": 40, "right": 42, "gap": 5, "_type": "other individuals_position"},
    {
      "type": "alignment",
      "axis": "x",
      "offsets": [
        {"node": 0, "offset": 0},
        {"node": 1, "offset": 0},
        {"node": 2, "offset": 0},
        {"node": 3, "offset": 0},
        {"node": 4, "offset": 0},
        {"node": 5, "offset": 0}
      ],
      "_type": "men_align"
    },
    {
      "type": "alignment",
      "axis": "x",
      "offsets": [
        {"node": 22, "offset": 0},
        {"node": 23, "offset": 0},
        {"node": 24, "offset": 0},
        {"node": 25, "offset": 0},
        {"node": 26, "offset": 0},
        {"node": 27, "offset": 0}
      ],
      "_type": "men_align"
    }
  ]
}