{
  "nodes":[
    {
      "id":"-91",
      "label":"IL13",
      "showLabel":"",
      "type":"downstream genes",
      "group":"Cytokine",
      "color":"white"
    },
    {
      "id":"-90",
      "label":"CCL11",
      "showLabel":"",
      "type":"downstream genes",
      "group":"Chemokine",
      "color":"white"
    },
    {
      "id":"-89",
      "label":"APOE",
      "showLabel":"APOE",
      "type":"downstream genes",
      "group":"Transport/cargo",
      "color":"white"
    },
    {
      "id":"-88",
      "label":"IRAK2",
      "showLabel":"",
      "type":"cytoplasm",
      "group":"Kinase",
      "color":"#F9BE72"
    },
    {
      "id":"-87",
      "label":"IRF3",
      "showLabel":"IRF3",
      "type":"nucleus",
      "group":"Transcription factor",
      "color":"white"
    },
    {
      "id":"-86",
      "label":"MAP2K6",
      "showLabel":"",
      "type":"nucleus",
      "group":"Kinase",
      "color":"white"
    },
    {
      "id":"-85",
      "label":"RELA",
      "showLabel":"",
      "type":"nucleus",
      "group":"Transcription factor",
      "color":"white"
    },
    {
      "id":"-84",
      "label":"ATF2",
      "showLabel":"",
      "type":"nucleus",
      "group":"Transcription factor",
      "color":"white"
    },
    {
      "id":"-83",
      "label":"MAPK11",
      "showLabel":"MAPK11",
      "type":"nucleus",
      "group":"Kinase",
      "color":"white"
    },
    {
      "id":"-82",
      "label":"NFKBIB",
      "showLabel":"",
      "type":"cytoplasm",
      "group":"NFKB repression",
      "color":"white"
    },
    {
      "id":"-81",
      "label":"IRAK1",
      "showLabel":"IRAK1",
      "type":"cytoplasm",
      "group":"Kinase",
      "color":"white"
    },
    {
      "id":"-80",
      "label":"MAP3K7IP1",
      "showLabel":"MAP3K7IP1",
      "type":"cytoplasm",
      "group":"Adaptor",
      "color":"white"
    },
    {
      "id":"-79",
      "label":"MBP",
      "showLabel":"",
      "type":"plasma membrane",
      "group":"Structural",
      "color":"white"
    },
    {
      "id":"-78",
      "label":"CCL2",
      "showLabel":"",
      "type":"downstream genes",
      "group":"Chemokine",
      "color":"white"
    },
    {
      "id":"-77",
      "label":"CXCL5",
      "showLabel":"",
      "type":"downstream genes",
      "group":"Chemokine",
      "color":"white"
    },
    {
      "id":"-76",
      "label":"TBK1",
      "showLabel":"",
      "type":"cytoplasm",
      "group":"Kinase",
      "color":"white"
    },
    {
      "id":"-75",
      "label":"IRF7",
      "showLabel":"IRF7",
      "type":"cytoplasm",
      "group":"Transcription factor",
      "color":"white"
    },
    {
      "id":"-74",
      "label":"TRAF6",
      "showLabel":"TRAF6",
      "type":"cytoplasm",
      "group":"Adaptor",
      "color":"#F9BE72"
    },
    {
      "id":"-73",
      "label":"IL2RA",
      "showLabel":"IL2RA",
      "type":"downstream genes",
      "group":"Cytokine",
      "color":"#F9BE72"
    },
    {
      "id":"-72",
      "label":"MAPK13",
      "showLabel":"MAPK13",
      "type":"cytoplasm",
      "group":"Kinase",
      "color":"white"
    },
    {
      "id":"-71",
      "label":"TNF",
      "showLabel":"TNF",
      "type":"downstream genes",
      "group":"Cytokine",
      "color":"#F9BE72"
    },
    {
      "id":"-70",
      "label":"EP300",
      "showLabel":"",
      "type":"nucleus",
      "group":"Transcription factor",
      "color":"white"
    },
    {
      "id":"-69",
      "label":"IL12B",
      "showLabel":"IL12B",
      "type":"downstream genes",
      "group":"Cytokine",
      "color":"#DF812C"
    },
    {
      "id":"-68",
      "label":"BIRC3",
      "showLabel":"BIRC3",
      "type":"downstream genes",
      "group":"Apoptosis",
      "color":"#F9BE72"
    },
    {
      "id":"-67",
      "label":"IFNG",
      "showLabel":"",
      "type":"downstream genes",
      "group":"Cytokine",
      "color":"#F9BE72"
    },
    {
      "id":"-66",
      "label":"MAP3K1",
      "showLabel":"MAP3K1",
      "type":"cytoplasm",
      "group":"Unknown",
      "color":"white"
    },
    {
      "id":"-65",
      "label":"CCL22",
      "showLabel":"",
      "type":"downstream genes",
      "group":"Chemokine",
      "color":"white"
    },
    {
      "id":"-64",
      "label":"CHUK",
      "showLabel":"CHUK",
      "type":"cytoplasm",
      "group":"Kinase",
      "color":"white"
    },
    {
      "id":"-63",
      "label":"MAPK8IP3",
      "showLabel":"MAPK8IP3",
      "type":"cytoplasm",
      "group":"Transport/cargo",
      "color":"#DF812C"
    },
    {
      "id":"-62",
      "label":"TLR4",
      "showLabel":"TLR4",
      "type":"plasma membrane",
      "group":"Receptor",
      "color":"white"
    },
    {
      "id":"-61",
      "label":"IRAK4",
      "showLabel":"",
      "type":"cytoplasm",
      "group":"Kinase",
      "color":"white"
    },
    {
      "id":"-60",
      "label":"IFNB1",
      "showLabel":"",
      "type":"downstream genes",
      "group":"Cytokine",
      "color":"#B8B2C6"
    },
    {
      "id":"-59",
      "label":"TNFAIP2",
      "showLabel":"",
      "type":"downstream genes",
      "group":"Unknown",
      "color":"white"
    },
    {
      "id":"-58",
      "label":"MAP3K7IP2",
      "showLabel":"MAP3K7IP2",
      "type":"plasma membrane",
      "group":"Adaptor",
      "color":"#F9BE72"
    },
    {
      "id":"-57",
      "label":"EIF2AK2",
      "showLabel":"",
      "type":"cytoplasm",
      "group":"Kinase",
      "color":"white"
    },
    {
      "id":"-56",
      "label":"CCR7",
      "showLabel":"CCR7",
      "type":"downstream genes",
      "group":"Receptor",
      "color":"white"
    },
    {
      "id":"-55",
      "label":"TP53",
      "showLabel":"",
      "type":"downstream genes",
      "group":"Transcription factor",
      "color":"white"
    },
    {
      "id":"-54",
      "label":"IKBKE",
      "showLabel":"IKBKE",
      "type":"cytoplasm",
      "group":"Kinase",
      "color":"white"
    },
    {
      "id":"-53",
      "label":"MAPK10",
      "showLabel":"MAPK10",
      "type":"cytoplasm",
      "group":"Kinase",
      "color":"#F9BE72"
    },
    {
      "id":"-52",
      "label":"ACTC",
      "showLabel":"ACTC",
      "type":"downstream genes",
      "group":"Cytoskeleton",
      "color":"#F9BE72"
    },
    {
      "id":"-51",
      "label":"TNFRSF6",
      "showLabel":"TNFRSF6",
      "type":"downstream genes",
      "group":"Receptor",
      "color":"#F9BE72"
    },
    {
      "id":"-50",
      "label":"CCR5",
      "showLabel":"",
      "type":"downstream genes",
      "group":"Receptor",
      "color":"white"
    },
    {
      "id":"-49",
      "label":"RELB",
      "showLabel":"",
      "type":"nucleus",
      "group":"Transcription factor",
      "color":"#F9BE72"
    },
    {
      "id":"-48",
      "label":"MAPK8",
      "showLabel":"MAPK8",
      "type":"cytoplasm",
      "group":"Kinase",
      "color":"#F9BE72"
    },
    {
      "id":"-47",
      "label":"CREBBP",
      "showLabel":"",
      "type":"nucleus",
      "group":"Transcription factor",
      "color":"#F9BE72"
    },
    {
      "id":"-46",
      "label":"IL2",
      "showLabel":"",
      "type":"downstream genes",
      "group":"Cytokine",
      "color":"white"
    },
    {
      "id":"-45",
      "label":"CX3CL1",
      "showLabel":"",
      "type":"downstream genes",
      "group":"Chemokine",
      "color":"#DF812C"
    },
    {
      "id":"-44",
      "label":"NFKBIA",
      "showLabel":"",
      "type":"cytoplasm",
      "group":"NFKB repression",
      "color":"white"
    },
    {
      "id":"-43",
      "label":"IRF1",
      "showLabel":"IRF1",
      "type":"downstream genes",
      "group":"Transcription factor",
      "color":"white"
    },
    {
      "id":"-42",
      "label":"CXCL3",
      "showLabel":"CXCL3",
      "type":"downstream genes",
      "group":"Chemokine",
      "color":"#DF812C"
    },
    {
      "id":"-41",
      "label":"IL1A",
      "showLabel":"",
      "type":"downstream genes",
      "group":"Cytokine",
      "color":"white"
    },
    {
      "id":"-40",
      "label":"CD14",
      "showLabel":"",
      "type":"plasma membrane",
      "group":"Receptor",
      "color":"white"
    },
    {
      "id":"-39",
      "label":"TNFAIP6",
      "showLabel":"TNFAIP6",
      "type":"downstream genes",
      "group":"Extracellular matrix",
      "color":"white"
    },
    {
      "id":"-38",
      "label":"VCAM1",
      "showLabel":"VCAM1",
      "type":"downstream genes",
      "group":"Adhesion",
      "color":"white"
    },
    {
      "id":"-37",
      "label":"CXCL10",
      "showLabel":"",
      "type":"downstream genes",
      "group":"Chemokine",
      "color":"white"
    },
    {
      "id":"-36",
      "label":"IKBKB",
      "showLabel":"IKBKB",
      "type":"cytoplasm",
      "group":"Kinase",
      "color":"white"
    },
    {
      "id":"-35",
      "label":"NR2C2",
      "showLabel":"NR2C2",
      "type":"nucleus",
      "group":"Nuclear receptor",
      "color":"#F9BE72"
    },
    {
      "id":"-34",
      "label":"MYD88",
      "showLabel":"MYD88",
      "type":"cytoplasm",
      "group":"Adaptor",
      "color":"white"
    },
    {
      "id":"-33",
      "label":"TICAM2",
      "showLabel":"TICAM2",
      "type":"plasma membrane",
      "group":"Adaptor",
      "color":"white"
    },
    {
      "id":"-32",
      "label":"NFKB2",
      "showLabel":"NFKB2",
      "type":"nucleus",
      "group":"Transcription factor",
      "color":"white"
    },
    {
      "id":"-31",
      "label":"ECSIT",
      "showLabel":"",
      "type":"cytoplasm",
      "group":"Unknown",
      "color":"white"
    },
    {
      "id":"-30",
      "label":"PRKRA",
      "showLabel":"PRKRA",
      "type":"unknown",
      "group":"RNA binding",
      "color":"white"
    },
    {
      "id":"-29",
      "label":"CXCL1",
      "showLabel":"",
      "type":"downstream genes",
      "group":"Chemokine",
      "color":"white"
    },
    {
      "id":"-28",
      "label":"MAP2K4",
      "showLabel":"MAP2K4",
      "type":"cytoplasm",
      "group":"Kinase",
      "color":"white"
    },
    {
      "id":"-27",
      "label":"TNFAIP1",
      "showLabel":"",
      "type":"downstream genes",
      "group":"Unknown",
      "color":"white"
    },
    {
      "id":"-26",
      "label":"SRF",
      "showLabel":"",
      "type":"nucleus",
      "group":"Transcription factor",
      "color":"white"
    },
    {
      "id":"-25",
      "label":"MYL3",
      "showLabel":"",
      "type":"downstream genes",
      "group":"Structural",
      "color":"white"
    },
    {
      "id":"-24",
      "label":"CCL4",
      "showLabel":"",
      "type":"downstream genes",
      "group":"Chemokine",
      "color":"white"
    },
    {
      "id":"-23",
      "label":"CXCL2",
      "showLabel":"CXCL2",
      "type":"downstream genes",
      "group":"Chemokine",
      "color":"white"
    },
    {
      "id":"-22",
      "label":"COL1A2",
      "showLabel":"COL1A2",
      "type":"downstream genes",
      "group":"Adhesion",
      "color":"white"
    },
    {
      "id":"-21",
      "label":"MAPK9",
      "showLabel":"MAPK9",
      "type":"nucleus",
      "group":"Kinase",
      "color":"white"
    },
    {
      "id":"-20",
      "label":"LY96",
      "showLabel":"LY96",
      "type":"extracellular",
      "group":"Ligand",
      "color":"#B8B2C6"
    },
    {
      "id":"-19",
      "label":"TICAM1",
      "showLabel":"TICAM1",
      "type":"plasma membrane",
      "group":"Adaptor",
      "color":"white"
    },
    {
      "id":"-18",
      "label":"MEFV",
      "showLabel":"",
      "type":"downstream genes",
      "group":"Transcription factor",
      "color":"#F9BE72"
    },
    {
      "id":"-17",
      "label":"BTK",
      "showLabel":"BTK",
      "type":"cytoplasm",
      "group":"Kinase",
      "color":"white"
    },
    {
      "id":"-16",
      "label":"CCL5",
      "showLabel":"CCL5",
      "type":"downstream genes",
      "group":"Chemokine",
      "color":"white"
    },
    {
      "id":"-15",
      "label":"STAT1",
      "showLabel":"",
      "type":"cytoplasm",
      "group":"Transcription factor",
      "color":"white"
    },
    {
      "id":"-14",
      "label":"REL",
      "showLabel":"REL",
      "type":"nucleus",
      "group":"Transcription factor",
      "color":"white"
    },
    {
      "id":"-13",
      "label":"TNFAIP3",
      "showLabel":"",
      "type":"downstream genes",
      "group":"Transcription regulation",
      "color":"white"
    },
    {
      "id":"-12",
      "label":"ICAM1",
      "showLabel":"",
      "type":"downstream genes",
      "group":"Adhesion",
      "color":"white"
    },
    {
      "id":"-11",
      "label":"NFKB1",
      "showLabel":"NFKB1",
      "type":"nucleus",
      "group":"Transcription factor",
      "color":"white"
    },
    {
      "id":"-10",
      "label":"CXCL9",
      "showLabel":"CXCL9",
      "type":"downstream genes",
      "group":"Chemokine",
      "color":"#F9BE72"
    },
    {
      "id":"-9",
      "label":"MAPK1",
      "showLabel":"MAPK1",
      "type":"cytoplasm",
      "group":"Kinase",
      "color":"white"
    },
    {
      "id":"-8",
      "label":"FOS",
      "showLabel":"",
      "type":"downstream genes",
      "group":"Transcription factor",
      "color":"#B8B2C6"
    },
    {
      "id":"-7",
      "label":"CCL20",
      "showLabel":"",
      "type":"downstream genes",
      "group":"Chemokine",
      "color":"white"
    },
    {
      "id":"-6",
      "label":"IL6",
      "showLabel":"IL6",
      "type":"downstream genes",
      "group":"Cytokine",
      "color":"#F9BE72"
    },
    {
      "id":"-5",
      "label":"TIRAP",
      "showLabel":"TIRAP",
      "type":"cytoplasm",
      "group":"Adaptor",
      "color":"#DF812C"
    },
    {
      "id":"-4",
      "label":"ELK1",
      "showLabel":"",
      "type":"nucleus",
      "group":"Transcription factor",
      "color":"white"
    },
    {
      "id":"-3",
      "label":"EGR2",
      "showLabel":"",
      "type":"downstream genes",
      "group":"Transcription factor",
      "color":"white"
    },
    {
      "id":"-2",
      "label":"CCL3",
      "showLabel":"",
      "type":"downstream genes",
      "group":"Chemokine",
      "color":"white"
    },
    {
      "id":"-1",
      "label":"ACTB",
      "showLabel":"",
      "type":"downstream genes",
      "group":"Cytoskeleton",
      "color":"white"
    }
  ],
  "links":  [
    {"source":3,"target":29,"label":"IRAK2 (binding) TLR4"},
    {"source":4,"target":72,"label":"IRF3 (binding) TICAM1"},
    {"source":5,"target":82,"label":"MAP2K6 (phosphorylation) MAPK1"},
    {"source":6,"target":41,"label":"RELA (transregulation) CCR5"},
    {"source":6,"target":75,"label":"RELA (transregulation) CCL5"},
    {"source":6,"target":73,"label":"RELA (transregulation) MEFV"},
    {"source":6,"target":13,"label":"RELA (transregulation) CCL2"},
    {"source":6,"target":22,"label":"RELA (transregulation) IL12B"},
    {"source":6,"target":20,"label":"RELA (transregulation) TNF"},
    {"source":6,"target":24,"label":"RELA (transregulation) IFNG"},
    {"source":6,"target":79,"label":"RELA (transregulation) ICAM1"},
    {"source":6,"target":18,"label":"RELA (transregulation) IL2RA"},
    {"source":6,"target":31,"label":"RELA (transregulation) IFNB1"},
    {"source":6,"target":54,"label":"RELA (transregulation) CXCL10"},
    {"source":6,"target":69,"label":"RELA (transregulation) COL1A2"},
    {"source":6,"target":53,"label":"RELA (transregulation) VCAM1"},
    {"source":6,"target":85,"label":"RELA (transregulation) IL6"},
    {"source":8,"target":76,"label":"MAPK11 (phosphorylation) STAT1"},
    {"source":8,"target":12,"label":"MAPK11 (phosphorylation) MBP"},
    {"source":8,"target":87,"label":"MAPK11 (phosphorylation) ELK1"},
    {"source":8,"target":7,"label":"MAPK11 (phosphorylation) ATF2"},
    {"source":10,"target":57,"label":"IRAK1 (binding) MYD88"},
    {"source":10,"target":30,"label":"IRAK1 (binding) IRAK4"},
    {"source":10,"target":29,"label":"IRAK1 (binding) TLR4"},
    {"source":11,"target":56,"label":"MAP3K7IP1 (binding) NR2C2"},
    {"source":15,"target":16,"label":"TBK1 (phosphorylation) IRF7"},
    {"source":15,"target":4,"label":"TBK1 (phosphorylation) IRF3"},
    {"source":16,"target":72,"label":"IRF7 (binding) TICAM1"},
    {"source":17,"target":11,"label":"TRAF6 (binding) MAP3K7IP1"},
    {"source":17,"target":56,"label":"TRAF6 (binding) NR2C2"},
    {"source":17,"target":3,"label":"TRAF6 (binding) IRAK2"},
    {"source":17,"target":33,"label":"TRAF6 (binding) MAP3K7IP2"},
    {"source":19,"target":87,"label":"MAPK13 (phosphorylation) ELK1"},
    {"source":20,"target":32,"label":"TNF (transregulation) TNFAIP2"},
    {"source":20,"target":64,"label":"TNF (transregulation) TNFAIP1"},
    {"source":20,"target":52,"label":"TNF (transregulation) TNFAIP6"},
    {"source":20,"target":78,"label":"TNF (transregulation) TNFAIP3"},
    {"source":21,"target":4,"label":"EP300 (binding) IRF3"},
    {"source":25,"target":28,"label":"MAP3K1 (binding) MAPK8IP3"},
    {"source":25,"target":27,"label":"MAP3K1 (phosphorylation) CHUK"},
    {"source":25,"target":55,"label":"MAP3K1 (phosphorylation) IKBKB"},
    {"source":25,"target":63,"label":"MAP3K1 (phosphorylation) MAP2K4"},
    {"source":33,"target":56,"label":"MAP3K7IP2 (binding) NR2C2"},
    {"source":37,"target":16,"label":"IKBKE (phosphorylation) IRF7"},
    {"source":37,"target":4,"label":"IKBKE (phosphorylation) IRF3"},
    {"source":38,"target":87,"label":"MAPK10 (binding) ELK1"},
    {"source":38,"target":28,"label":"MAPK10 (binding) MAPK8IP3"},
    {"source":42,"target":59,"label":"RELB (binding) NFKB2"},
    {"source":43,"target":87,"label":"MAPK8 (binding) ELK1"},
    {"source":43,"target":28,"label":"MAPK8 (binding) MAPK8IP3"},
    {"source":44,"target":4,"label":"CREBBP (binding) IRF3"},
    {"source":47,"target":80,"label":"NFKBIA (binding) NFKB1"},
    {"source":51,"target":29,"label":"CD14 (binding) TLR4"},
    {"source":55,"target":9,"label":"IKBKB (binding) NFKBIB"},
    {"source":55,"target":47,"label":"IKBKB (binding) NFKBIA"},
    {"source":56,"target":27,"label":"NR2C2 (binding) CHUK"},
    {"source":56,"target":55,"label":"NR2C2 (binding) IKBKB"},
    {"source":56,"target":5,"label":"NR2C2 (phosphorylation) MAP2K6"},
    {"source":57,"target":29,"label":"MYD88 (binding) TLR4"},
    {"source":58,"target":29,"label":"TICAM2 (binding) TLR4"},
    {"source":59,"target":31,"label":"NFKB2 (transregulation) IFNB1"},
    {"source":59,"target":6,"label":"NFKB2 (binding) RELA"},
    {"source":60,"target":17,"label":"ECSIT (binding) TRAF6"},
    {"source":61,"target":34,"label":"PRKRA (binding) EIF2AK2"},
    {"source":63,"target":28,"label":"MAP2K4 (binding) MAPK8IP3"},
    {"source":63,"target":70,"label":"MAP2K4 (phosphorylation) MAPK9"},
    {"source":63,"target":43,"label":"MAP2K4 (phosphorylation) MAPK8"},
    {"source":65,"target":87,"label":"SRF (binding) ELK1"},
    {"source":65,"target":66,"label":"SRF (transregulation) MYL3"},
    {"source":65,"target":39,"label":"SRF (transregulation) ACTC"},
    {"source":65,"target":88,"label":"SRF (transregulation) EGR2"},
    {"source":65,"target":83,"label":"SRF (transregulation) FOS"},
    {"source":65,"target":90,"label":"SRF (transregulation) ACTB"},
    {"source":65,"target":2,"label":"SRF (transregulation) APOE"},
    {"source":70,"target":7,"label":"MAPK9 (binding) ATF2"},
    {"source":70,"target":87,"label":"MAPK9 (binding) ELK1"},
    {"source":70,"target":28,"label":"MAPK9 (binding) MAPK8IP3"},
    {"source":71,"target":29,"label":"LY96 (binding) TLR4"},
    {"source":72,"target":58,"label":"TICAM1 (binding) TICAM2"},
    {"source":74,"target":29,"label":"BTK (binding) TLR4"},
    {"source":74,"target":10,"label":"BTK (binding) IRAK1"},
    {"source":74,"target":57,"label":"BTK (binding) MYD88"},
    {"source":76,"target":83,"label":"STAT1 (transregulation) FOS"},
    {"source":77,"target":31,"label":"REL (transregulation) IFNB1"},
    {"source":77,"target":22,"label":"REL (transregulation) IL12B"},
    {"source":77,"target":20,"label":"REL (transregulation) TNF"},
    {"source":77,"target":18,"label":"REL (transregulation) IL2RA"},
    {"source":77,"target":23,"label":"REL (transregulation) BIRC3"},
    {"source":77,"target":59,"label":"REL (binding) NFKB2"},
    {"source":80,"target":20,"label":"NFKB1 (transregulation) TNF"},
    {"source":80,"target":22,"label":"NFKB1 (transregulation) IL12B"},
    {"source":80,"target":13,"label":"NFKB1 (transregulation) CCL2"},
    {"source":80,"target":24,"label":"NFKB1 (transregulation) IFNG"},
    {"source":80,"target":35,"label":"NFKB1 (transregulation) CCR7"},
    {"source":80,"target":59,"label":"NFKB1 (binding) NFKB2"},
    {"source":80,"target":53,"label":"NFKB1 (transregulation) VCAM1"},
    {"source":80,"target":75,"label":"NFKB1 (transregulation) CCL5"},
    {"source":80,"target":40,"label":"NFKB1 (transregulation) TNFRSF6"},
    {"source":80,"target":48,"label":"NFKB1 (transregulation) IRF1"},
    {"source":80,"target":18,"label":"NFKB1 (transregulation) IL2RA"},
    {"source":80,"target":45,"label":"NFKB1 (transregulation) IL2"},
    {"source":80,"target":31,"label":"NFKB1 (transregulation) IFNB1"},
    {"source":80,"target":81,"label":"NFKB1 (transregulation) CXCL9"},
    {"source":80,"target":84,"label":"NFKB1 (transregulation) CCL20"},
    {"source":80,"target":46,"label":"NFKB1 (transregulation) CX3CL1"},
    {"source":80,"target":1,"label":"NFKB1 (transregulation) CCL11"},
    {"source":80,"target":89,"label":"NFKB1 (transregulation) CCL3"},
    {"source":80,"target":49,"label":"NFKB1 (transregulation) CXCL3"},
    {"source":80,"target":62,"label":"NFKB1 (transregulation) CXCL1"},
    {"source":80,"target":68,"label":"NFKB1 (transregulation) CXCL2"},
    {"source":80,"target":26,"label":"NFKB1 (transregulation) CCL22"},
    {"source":80,"target":0,"label":"NFKB1 (transregulation) IL13"},
    {"source":80,"target":14,"label":"NFKB1 (transregulation) CXCL5"},
    {"source":80,"target":67,"label":"NFKB1 (transregulation) CCL4"},
    {"source":80,"target":36,"label":"NFKB1 (transregulation) TP53"},
    {"source":80,"target":50,"label":"NFKB1 (transregulation) IL1A"},
    {"source":82,"target":76,"label":"MAPK1 (phosphorylation) STAT1"},
    {"source":86,"target":61,"label":"TIRAP (binding) PRKRA"},
    {"source":86,"target":29,"label":"TIRAP (binding) TLR4"},
    {"source":86,"target":72,"label":"TIRAP (binding) TICAM1"},
    {"source":87,"target":20,"label":"ELK1 (transregulation) TNF"},
    {"source":87,"target":88,"label":"ELK1 (transregulation) EGR2"},
    {"source":87,"target":83,"label":"ELK1 (transregulation) FOS"},
    {"source":87,"target":90,"label":"ELK1 (transregulation) ACTB"}
  ],
  "guides": [
    {"name": "left_guide", "x": 250},
    {"name": "right_guide", "x": 750}
  ],
  "constraintDefinitions": [
    {
      "name": "boundary",
      "forEach": [
        {"constraint": "position", "position": "right", "of":"left_guide", "gap": 10},
        {"constraint": "position", "position": "left", "of":"right_guide", "gap": 10}
      ]
    },
    {
      "name": "additional spacing",
      "sets": {"partition": "type", "ignore": ["unknown", "downstream genes"]},
      "forEach": [{"constraint": "padding", "amount": 18}]
    },
    {
      "name": "layer",
      "sets": [{"partition": "type", "ignore": ["unknown"]}],
      "forEach": [
        {
          "constraint": "order",
          "axis": "y",
          "by": "type",
          "band": 100,
          "gap": 30,
          "order": ["extracellular", "plasma membrane", "cytoplasm", "nucleus", "downstream genes"]
        }
      ]
    },
    {
      "name": "downsream gene groups",
      "from": {"expr": "node.type === 'downstream genes'"},
      "sets": {"partition": "group"},
      "forEach": [
        {"constraint": "hull", "style": "visible"},
        {"constraint": "cluster"},
        {"constraint": "padding", "amount": 5}
      ]
    },
    {
      "name": "align unknowns",
      "from": {"expr": "node.type === 'unknown'"},
      "sets": {"collect": ["node", "node.neighbors"]},
      "forEach": [{"constraint": "align", "axis": "x"}]
    }
  ]
}